,text,labels,CNN_olid_small,CNN_hasoc,BiLSTM_olid_small,BiLSTM_hasoc,roberta_olid_small,hateBERT_olid_small,roberta_hasoc,hateBERT_hasoc,NB_olid_small,SVM_olid_small,NB_hasoc,SVM_hasoc, category
15923,"    #    WhoIsQ     #    WheresTheServer     #    DumpNike     #    DECLASFISA Democrats Support Antifa    ,     Muslim Brotherhood    ,     MS13    ,     ISIS    ,     Pedophilia    ,     Child Trafficking    ,     Taxpayer Funded Abortion    ‚Äô    s    ,     Election Fraud    ,     Sedition And Treason    !        !        !         #    LockThemAllUp     #    WWG1WGA     #    QAnon ‚Å¶    @    USER URL",1,1,1,0,0,1,0,1,1,1,1,0,1,lack of context
13876,    #    Watching     #    Boomer getting the news that she is still up for parole always makes me smile    .         #    Wentworth Finale    .        .        .        @    USER is such a treasure    .     URL,0,0,0,0,0,0,0,0,0,0,0,1,1, possible interpretations 
60133,    #    NoPasaran    :     Unity demo to oppose the far    -    right in     #    London     ‚Äì         #    antifa     #    Oct13     ‚Äî     Enough is Enough    !     URL,1,0,0,0,0,0,0,0,0,0,0,0,0, lack of context
83681,    .         .         .     What the fuck did he do this time    ?    ,1,1,1,1,1,1,1,1,1,1,1,1,1, grey area
96874,    #    RAP is a form of ART    !     Used to express yourself freely    .     It does not gv the green light or excuse the behavior of acting like an animal    !     She is not in the streets of the BX where violence is a way of living    .     Elevate yourself boo and get on     @    USER level for longevity    !         #    QUEENüëë,0,0,1,1,1,0,0,0,0,0,0,1,1, lack of context
65507,    @    USER Do you get the feeling he is kissing     @    USER behind so he can humiliate him later    ?    ,1,0,0,0,1,1,0,1,1,0,0,0,1, possible interpretations
12588,    @    USER Nigga ware da hits at,1,1,0,1,0,1,1,0,0,1,1,0,0, grey area
65773,    #    Dayspromo week of September 17th     #    days     #    dool  A coma does things to a gal     .     Sami    :     You are going to be ok    .     Hattie    :     No thanks to you    .      Get her out of here    .     Before she finishes me off    .      Hattie pretends to be Marlena    .      The look on Kayla face is priceless    .     URL,0,0,1,0,1,1,0,0,0,0,0,1,1, possible interpretations
70840,    #    Kavanaugh so a wild claim from 36 years ago of groping has evolved into A Rape A Violent Sexual Event by Move URL a Soros based Org    .     that supports BLM Antifa etc    .     Unbeievable    !    ,0,0,0,1,1,0,0,1,0,0,0,1,1, possible interpretations
53563,"    #    kznlt Enjouji really is the prototype of my character brand    ,     he is nothing but things that I love all rolled into one horrible package and fed directly into baby me    '    s subconscious    .    ",0,0,1,0,0,0,0,0,0,1,0,0,1, sarcasm
83155,    #    HIAC  Damn Matt Hardy and Randy Orton put on one hell in a cell match    !        !     Woooo    !        !        !     I hope he is okay    !        !    ,0,1,1,1,1,1,1,1,1,1,0,1,1, lack of context
69576,    @    USER School shootings aren    '    t controversial    .     Wanting gun control is    .    ,0,0,0,0,0,0,0,0,0,0,0,1,1, possible interpretations
88490,    #    ChristineBlaseyFord is your     #    Kavanaugh accuser    .        .        .         #    Liberals try this EVERY time    .        .        .         #    ConfirmJudgeKavanaugh URL,1,1,1,0,1,0,0,0,0,0,0,0,1, lack of context
86917,"    #    osho     #    quotes via     @    USER Listen to your being    .     It is continuously giving you hints    .     It is a still    ,     small voice    .     It does not shout at you    ,     that is true    .     And if you are a little silent you will start feeling your way    .     Be the person you are    .     Never try    ‚Ä¶     URL URL",0,0,1,0,1,0,0,0,0,0,0,1,1, possible interpretations
59200,"    #    Georgetown Classmate Says     #    Left Accuser is Absolutely NUTS    ""      URL     ""    Judge Kavanaugh    ""        @    USER     @    USER     @    USER     #    ABC     #    CBS     #    Democrats     #    Liberals     #    women     #    MondayMotivation     #    MondayMorning     #    veterans     #    law     #    MAGA     #    GOP     #    CNN     #    MSNBC     #    NBC     #    Moms     #    BlackWomen     #    BET    ""    ",0,1,0,0,0,0,0,1,1,1,1,0,1, grey area
30900,    @    USER     @    USER     @    USER Are you referring to how they lollygag with gun control as their kids get slaughtered in schools    ?    ,0,1,0,1,0,1,1,0,1,1,1,1,1, grey area
44546,    @    USER     @    USER     @    USER     @    USER     @    USER     @    USER     @    USER     @    USER     @    USER I    ‚Äô    m shocked to learn human traffickers had guns    .      Some probably illegal too    .      CA needs more gun control    .      But don    ‚Äô    t worry about the actual crime    .      The pic of black guns is worse    .    ,1,1,0,1,0,1,1,0,1,0,0,0,1, sarcasm
30899,    *    voice in my head while I transfer money to my credit card    *         ‚Äú    bullshit that I bought and have to pay for    ‚Äù    ,1,1,1,0,1,1,1,1,1,1,1,0,1, lack of context
40110,    #    Kids Beating     #    Paraplegic     #    Trump     #    Boy    !          #    Left Teach Their     #    Children Hate Violence    !          #    schools     #    teachers     #    Democrats     #    Liberals     #    WalkAway     #    Moms     #    Mother     #    NEA     #    teachthemyoung     #    Christian     #    Catholic     #    Jews     #    Evangelicals     #    family     #    BlackWomen     #    BlackTwitter     #    Blacks     #    News     #    Media     #    Disabled     #    MAGA URL,1,1,0,1,0,1,0,1,0,1,1,0,1, lack of context
54053,Are you fucking serious    ?       URL,0,1,1,1,1,1,1,1,1,1,1,1,1, grey area
15998,    *    gets all the bitches    *    ,1,1,0,1,0,1,1,1,1,1,1,0,0,grey area
62945,    @    USER     @    USER     @    USER I got in a pretty deep debate with my friend and she told me that latinos for Trump and blacks for Trump were paid supporters üòÇ then I said you mean antifa are paid domestic terrorist and she said No they are  anti    -    fascist then I said they are the fascist are you kidding me    ?        !    ,0,0,1,1,1,1,1,1,1,1,0,1,1, sarcasm
96457,    #    Antifa    :     Take note of how to protest with civility    .       This is why socialism     (    aka communism    )     will never win    .     It is inherently evil and unsustainable    .     URL,1,1,1,1,1,0,1,0,0,0,1,0,0, possible interpretations
46139,"    #    Conservatism101   It    '    s not about our disagreements with     #    Conservatives    .     Its that Conservatives can    '    t debate honestly    ,     and they have no integrity    .     Whatever gets them thru today    ,     is all that matters to them    .     They    '    re fundamentally dishonest people    .     URL",1,0,0,1,1,1,1,0,0,0,0,0,0, sarcasm
91217,    @    USER My only point of contention is this    .      He decided to keep this group which has top end talent and also decided to hire hot trash Mike McCoy    .     Wilks hasn    '    t even been able to get his defense to line up correctly    .     He is in over his head    .    ,0,0,0,0,1,1,1,1,1,0,0,1,1, lack of context
40386,    @    USER     @    USER     @    USER     @    USER Then why aren    ‚Äô    t there so many shootings in Virginia    ?      Jacksonville shooter got his guns IN MARYLAND    !        !     Among the poster children for gun control    !      What good did that do    ?        !      You    ‚Äô    re full of crap    .    ,1,1,0,1,1,1,1,1,1,1,0,0,0,lack of context
39752,    @    USER Well she is Chuck Schumer    '    s cousin or niece or something so she is obviously part of the DNC conspiracy against Nixon    .     Or part of the Deep State    .     Or a Zionist plot    .     Or     '    Big comedy    '        .     Or whatever the hell today    '    s conspiracy theory is    .    ,0,1,1,1,1,1,1,1,1,0,0,1,,possible interpretations
98916,"    #    ANTIFA are bedfellows with The Democratic Socialists of America     (    DSA    )     who     #    JamesOKeefe has exposed as being inserted throughout government    ,     attempting to bring down     #    America      #    Trump     #    MAGAüá∫üá∏     #    DeepState  URL",1,0,0,0,0,0,0,1,1,0,0,1,1, possible interpretations
32190,    @    USER Antifa has TS level influence    .     It    '    s scary    .    ,1,0,0,0,0,0,1,0,0,0,0,0,0,lack of context
73516,"    $    10 Million reallocated from FEMA to ICE    .     This guy gives zero shits about anyone not named Trump    .     If you    ‚Äô    re in the mid Atlantic    ,     get out    .     Now    .     URL",1,0,0,0,0,1,1,1,1,0,1,0,0,grey area
23786,"6ix9ine aus den speakern    ,     fick deine political correctness",0,0,1,0,0,1,1,0,0,0,1,0,0, grey area
42112,    #    SesameStreet     #    BertandErnie the conversation about this is so unattractive    .     The creator says he didn    '    t create a character gay and he is being attacked    .    ,1,0,0,0,0,1,1,0,0,1,1,0,1, possible interpretations
37740,    #    SerenaWilliams is so full of herself    .        .        .    she is just as painful to watch as to listen to    .        .        .    ,1,0,0,0,0,0,1,0,0,0,0,0,0, grey area
97383,    @    USER     #    GoodbyeNFL üëã It was great before your players became Marxists    !     I    ‚Äô    ll keep nixing any sports league that displays such support of the BS     ‚Äò    oppression    ‚Äô     narrative    .         #    GoodbyeNIKE,0,1,1,0,0,0,0,0,0,1,1,0,0
21397,    #    Liberals     #    Left     #    Democrats     #    Resist     #    Resistance     #    Antifa     #    BlueWave     #    BlueWave2018 It    '    s üëå to     #    WalkAway üëçüòÜ üá∫üá∏ üá∫üá∏ üá∫üá∏     #    MAGA üá∫üá∏ üá∫üá∏ üá∫üá∏   URL,0,0,1,0,1,0,0,0,0,0,0,0,0, sarcasm
47445,"    .     JEFF SESSIONS    :         ‚Äò    LISTEN TO THE ACLU    ,     ANTIFA    ,     BLACK LIVES MATTER    ‚Äô     IF YOU WANT MORE CHICAGO SHOOTINGS      .     URL",1,0,0,0,0,0,0,0,0,0,0,0,0, sarcasm
27158,Amazon will ship live Christmas trees to your door     ‚Äî     but will they stay and put on the damn lights    ?     URL,1,1,0,1,1,0,1,0,0,1,0,0,0, sarcasm
17183,    @    USER I BET she is a lot safer when she has sex now tho     ?     Or she wouldn    ‚Äô    t have just one but a few kids     .     Why cant moms get dicked down too     ?    ,1,0,1,0,1,1,0,1,1,1,0,1,1, sarcasm
42325,    #    Conservatives Govt     '         @    USER made my life hell    '        :     whistleblowers say they were threatened by regulator    ;     I thought this Govt promised to protect whistleblowers    ?      URL,1,1,0,0,0,0,0,0,0,0,0,0,0, grey area
90362,    #    SerenaWilliams Serena was caught cheating with her coach but because it    '    s collaborative she thinks she is not a thief    .     In her mind the real thief is the umpire who spotted what was going on and called it out    .     It    '    s like a couple of bank robbers blaming a guard for calling police,0,1,1,1,1,1,1,0,0,1,1,0,1, sarcasm
58026,    #    MAGA     #    Qanon     #    GreatAwakening     #    inners     #    WWG1WGA     #    NowComesThePain     #    WalkAway     #    GoodbyeDemocrats   Ellison Accuser Says She    '    s Been Sidelined By Her Own Party URL,1,0,0,0,0,0,0,0,0,0,0,0,0, sarcasm
96661,    #    ConstitutionDay Enforce U    .    S     #    Immigration laws Not One Set of laws for Illegal Aliens and one Set of laws for Citizens     !          #    Trump     #    MAGA     #    RedNationRising      #    NoDACA URL,0,0,0,0,0,0,0,0,0,0,0,0,0, clearly NO
30942,    #    media     #    credentials If you are POC and had a problem with     @    USER  please send DM me do not like this tweet,0,0,1,0,1,0,0,0,0,0,0,0,0,  clearly NO
38084,"5    .     FED Agency     -     Hijaked with info on FED Agency by extremist group secretly funded     -     Antifa    ,    BLM    ,    Soros    ,    CIA",0,0,0,0,0,0,0,0,0,1,1,1,1,clearly NO
69203,    #    Eagles are setting up a workout with Jeremy Maclin according to     @    USER It can    '    t be this week though because he is still hurting    .    ,0,0,0,0,0,0,0,0,0,0,0,0,0,clearly NO
80059,    #    CognitiveDissonanceChallenge2018  This one will be painful for conservatives    .     Proceed with caution    .     URL,0,0,0,0,0,0,0,0,0,0,0,0,0,clearly NO
76394,    (    NAB    )    JESUS WON    '    T REJECT U    -    COME TO HIM     -    HOMEWARD BOUND TOWARDS HEAVENS KINGDOM HE IS OPEN DOOR TO ONLY    -    ,0,0,0,0,0,0,0,1,1,0,0,1,1,clearly NO
19563,"    #    Antifa     #    UKLabour    ,         #    FBPE    ,         #    SUTR  Pay Attention    !      This is what     #    ForBritain is fighting against     -     you    ?     URL",0,0,0,0,0,0,1,0,0,0,0,0,0,clearly NO
59758,    #    Censorship  Awake yet    ?      Ask yourself why these conservatives are being censored    ?         #    WalkAway URL,0,1,0,1,0,0,0,0,0,0,0,0,0,clearly NO
57295,"    #    WCW to     @    USER   I mean hey    ,     she is a great friend and I am more than happy to help with missions and anything else she might need    !    ",0,0,1,0,0,0,0,0,0,0,0,0,1,clearly NO
31401,    @    USER She Is A ChiCom Spy    .        .        .        .        .         #    ClubGITMO,0,0,0,0,0,0,0,1,1,0,0,0,0,clearly NO
22248,    #    Interesting  Has she gone through any kind of background check similar to the 6     #    FBI background checks that     #    JudgeKavanaugh has    ?     URL,0,0,0,0,0,0,0,0,0,0,0,1,1,clearly NO
83416,"    #    ChristineBlaseyFord was grinding     #    Kavanaugh at a party almost 40yrs ago    .        .        .        .        .    You gotta love the age    ,     of this ridiculous     #    MeToo movement   Just swear     #    Kavanaugh in already and get this over with    ,     before     #    liberals have an anxiety attack like 11    /    8    /    16 URL",1,0,1,1,1,1,1,1,0,0,0,0,1, clearly O
71350,    #    NoOneAskMe But here    '    s my opinion     #    offset keeping this beef up between     #    cardiB and     @    USER he know Cardi slow and believe everything he says    .        .     She is his meal ticket    .     I just think     #    offset need to sit his ugly ass down    .    ,1,1,1,1,1,1,1,1,1,1,1,1,1,clearly O
39400,    #    Conservatives have no genetic ability to understand     #    hypocrisy or     #    irony    .     Right wing ideology gets ya all twisted in knots    .         #    onpoli      #    Ontario      #    PartyOfYesteryear      @    USER      #    FraudNation URL,1,1,1,1,1,1,1,1,0,0,0,0,0,clearly O
60713,    #    Conservatives are going to make hay out of     #    Trudeau    ‚Äô    s answer but the truth is there    ‚Äô    s criminals everywhere and people who will commit heinous acts of violence    .     Whether they    ‚Äô    re from Syria and have brownskin or are white Canadian born it    ‚Äô    s tragic all around    .     URL,0,1,1,1,1,1,1,1,1,0,0,0,0, clearly O
51762,    #    auspol  I don    '    t know why he is still in his job    .     Seriously    .     URL,1,0,0,0,0,0,0,0,0,0,0,0,1, clearly O
41821,    @    USER oh fuck off üòÇüòÇ,1,1,1,1,1,1,1,1,1,1,1,1,1, clearly O
34030,    $    1500 for a phone    .     You all are fucking dumb    .    ,1,1,1,1,1,1,1,1,1,1,1,1,1, clearly O
41590,    @    USER     #    Rosie makes me nauseous    !    ü§Æ URL,1,0,0,0,0,0,1,0,0,0,0,0,0, clearly O
65545,    #    GreatestThingsAboutThe90s liberals weren    ‚Äô    t unhinged,1,1,0,0,0,0,0,0,0,1,1,0,0, clearly O







